D,C,Qinitial,Qfinal
0,0,0.00307,0.00307
0,1,0.0145,5.02
1,0,5.02,5.02
1,1,5.02,5.02
